Titre,Lien,Description
"MA FRANCE, MON PINARD, MES RILLETTES !!! (CS:GO)",https://www.youtube.com/watch?v=OeYA34_5Dmw,"Beaucoup de divergences d'opinions et de d√©bats mais essayons de rester calme s'il vous pla√Æt Poss√®de le tee-shirt le plus classe du monde sur ‚ñ∂Ô∏è http://wankil.fr/boutique Notre jeu de loup-garou Agrou  https://store.steampowered.com/app/1305420/ Twitter: http://twitter.com/WankilStudio Facebook: http://www.facebook.com/wankilstudio Le site: http://www.wankil.fr  Montage par Gionata Musiques utilis√©es: https://pastebin.com/KJ6CD7k7"
"EST-CE QU&#39;IL JOUE √Ä LA MANETTE OU AU CLAVIER ? (CS:GO)",https://www.youtube.com/watch?v=66Nx5hrDZXA,"Nan mais s√©rieusement, d'apr√®s vous, il joue √† la manette ou au clavier l√† ? on a rien contre les joueurs manette mais bon quand m√™me c'est CS:GO quoi, faut pas exag√©rer  Poss√®de le tee-shirt le plus classe du monde sur ‚ñ∂Ô∏è http://wankil.fr/boutique Twitter: http://twitter.com/WankilStudio Facebook: http://www.facebook.com/wankilstudio Le site: http://www.wankil.fr  Montage par Real Musiques utilis√©es: https://pastebin.com/vjJkWhvD"
"D√âGUSTER LA PETITE (CS:GO)",https://www.youtube.com/watch?v=haiuGIUu77s,"Danser avec la petite, parler avec la petite, cuisiner la petite, d√©guster la petite... http://twitter.com/WankilStudio http://www.facebook.com/wankilstudio http://www.wankil.fr  Poss√®de le tee-shirt le plus classe du monde sur : http://wankil.fr/boutique  Musiques utilis√©es : https://pastebin.com/raw/WtmG1z7L"
"IL N&#39;AURAIT JAMAIS D√õ INSULTER LA FRANCE (CS:GO)",https://www.youtube.com/watch?v=D41W0Y3cGZg,"Le mur de b*tes sur sa page Steam est vite arriv√© quand les viewers sont en col√®res http://twitter.com/WankilStudio http://www.facebook.com/wankilstudio http://www.wankil.fr  Poss√®de le tee-shirt le plus classe du monde sur : http://wankil.fr/boutique  Musiques utilis√©es : https://pastebin.com/raw/funVkK3B"
"ON IMITE DES STREAMERS, VOUS DEVEZ DEVINER (CS:GO)",https://www.youtube.com/watch?v=cNlvQDMxHA0,"On arrive √† √™tre de parfaits imitateurs de streamers donc j'esp√®re que vous devinerez Nos v√™tements pour un maximum de flow ‚ñ∂Ô∏è http://wankil.fr/boutique Notre jeu de loup-garou Agrou  https://store.steampowered.com/app/1305420/  Twitch live: http://twitch.tv/wankilstudio Twitter: http://twitter.com/WankilStudio Facebook: http://www.facebook.com/wankilstudio Le site: http://www.wankil.fr  Montage par Saintpenny Musiques utilis√©es: https://pastebin.com/J1NSPdZy"
"IL POSTE SA PHOTO INTIME SUR INTERNET (CS:GO)",https://www.youtube.com/watch?v=xIGKCSYAFZw,"Le principe du gage c'est que le dernier de la partie doit poster une photo compl√®tement d√©gueulasse sur Twitter http://twitter.com/WankilStudio http://www.facebook.com/wankilstudio http://www.wankil.fr  Poss√®de le tee-shirt le plus classe du monde sur: http://wankil.fr/boutique Cr√©er ton propre wankuls sur Android: https://goo.gl/ggf8wa ou iOS: https://goo.gl/FDC4oB  Montage par Nuclear Musique utilis√©es: https://pastebin.com/GRm91t6Q"
"LIRE L&#39;AVENIR DANS LE JAMBON (CS:GO)",https://www.youtube.com/watch?v=a92Fp_XV094,"DES GROS BISOUS A AYDIIN ON T'AIME TOUS EN VRAI http://twitter.com/WankilStudio http://www.facebook.com/wankilstudio http://www.wankil.fr  Poss√®de le tee-shirt le plus classe du monde sur : http://wankil.fr/boutique  Musiques utilis√©es : http://pastebin.com/raw/HnZvVEXa"
"JE ME SUIS FAIT AGRESSER PAR DES FILLES AU COLL√àGE (CS:GO)",https://www.youtube.com/watch?v=oO_b-rnb7cc,"Encore des anecdotes croustillantes sur le coll√®ge et nos malheurs qui vous font tant rire Poss√®de le tee-shirt le plus classe du monde sur ‚ñ∂Ô∏è http://wankil.fr/boutique Notre jeu Steam de loup-garou Agrou  https://store.steampowered.com/app/1305420/ http://twitter.com/WankilStudio http://www.facebook.com/wankilstudio http://www.wankil.fr  Montage par Gionata Musiques utilis√©es: https://pastebin.com/q49Lrvg9"
"MAIS DIS-LE-MOI !!! (CS:GO)",https://www.youtube.com/watch?v=A31Jjb73k80,"Laink et Terracid en direct de votre salle des f√™tes ! http://twitter.com/WankilStudio http://www.facebook.com/wankilstudio http://www.wankil.fr  Poss√®de le tee-shirt le plus classe du monde sur : http://wankil.fr/boutique"
"LA PUNCHLINE SECR√àTE (CS:GO)",https://www.youtube.com/watch?v=lHnRuCFJ2gc,"Un √©pisode riche en blagues et en beauferie (ft. Benoit) http://twitter.com/WankilStudio http://www.facebook.com/wankilstudio http://www.wankil.fr  Poss√®de le tee-shirt le plus classe du monde sur : http://wankil.fr/boutique  Musiques utilis√©es : http://pastebin.com/raw/kE8RWAqF"
"METS TA CAM BB (CS:GO)",https://www.youtube.com/watch?v=i2rBLWP08Ak,"Encore un √©pisode estival pour vous r√©chauffer (de mani√®re sale) http://twitter.com/WankilStudio http://www.facebook.com/wankilstudio http://www.wankil.fr  Poss√®de le tee-shirt le plus classe du monde sur : http://wankil.fr/boutique"
"LA MOULE FRA√éCHE (CS:GO)",https://www.youtube.com/watch?v=6g4cCmnE9to,"Avec r√©v√©lation de vid√©os dossiers, Pok√©mon GO, Marina Joyce et plein de moules. http://twitter.com/WankilStudio http://www.facebook.com/wankilstudio http://www.wankil.fr  Poss√®de le tee-shirt le plus classe du monde sur : http://wankil.fr/boutique  Musiques utilis√©es : http://pastebin.com/raw/ynhTnDRR"
"VOUS FAITES QUOI SOUS LA DOUCHE ? (CS:GO)",https://www.youtube.com/watch?v=13ihIPmtWcA,"Vous fa√Ætes ce que vous voulez sous la douche, mais on doit quand m√™me r√©gler la question du ""comment vous mettez votre main l√† o√π vous savez ?"" http://twitter.com/WankilStudio http://www.facebook.com/wankilstudio http://www.wankil.fr  Poss√®de le tee-shirt le plus classe du monde sur : http://wankil.fr/boutique  Musiques utilis√©es : https://pastebin.com/raw/y37NNCzA"
"LE PIRE ABONN√â EST DE RETOUR (CS:GO)",https://www.youtube.com/watch?v=ZQOHnAzBcQQ,"Et il a mu√© ! http://twitter.com/WankilStudio http://www.facebook.com/wankilstudio http://www.wankil.fr  Poss√®de le tee-shirt le plus classe du monde sur : http://wankil.fr/boutique  Musiques utilis√©es : http://pastebin.com/raw/bAZY3UcY"
"OUVREZ LES √âCOUTILLES DE BALLES ! (CS:GO)",https://www.youtube.com/watch?v=UlnLQyKB_L8,"Le premier √©pisode film√© par Laink. √áa s'est mal pass√©. http://twitter.com/WankilStudio http://www.facebook.com/wankilstudio http://www.wankil.fr  Poss√®de le tee-shirt le plus classe du monde sur : http://wankil.spreadshirt.fr  Musiques utilis√©es : http://pastebin.com/raw/XLru95X0"
"LIVRAISON DIABOLIQUE √Ä DOMICILE (CS:GO)",https://www.youtube.com/watch?v=Ea-zDpbcLBI,"Et vous, est-ce que vous avez d√©j√† fait un achat diabolique ? http://twitter.com/WankilStudio http://www.facebook.com/wankilstudio http://www.wankil.fr  Poss√®de le tee-shirt le plus classe du monde sur: http://wankil.fr/boutique Cr√©er ton propre wankuls sur Android: https://goo.gl/ggf8wa ou iOS: https://goo.gl/FDC4oB  Montage par Pulsation Musiques utilis√©es: https://pastebin.com/7JpGfnaj"
"ON CONTR√îLE TOUS LES DEUX LE M√äME JOUEUR (CS:GO)",https://www.youtube.com/watch?v=Vr4ki2yIUHU,"Franchement, on s'est super bien d√©merd√©s pour des manchots. http://twitter.com/WankilStudio http://www.facebook.com/wankilstudio http://www.wankil.fr  Poss√®de le tee-shirt le plus classe du monde sur : http://wankil.fr/boutique  Musiques utilis√©es : http://pastebin.com/raw/n5fkaHC4  √âpisode r√©alis√© par Terracid"
"OH NON PAS LUI !!! (CS:GO)",https://www.youtube.com/watch?v=Vh_7hNYPoNM,"On devait cast le tournoi FDJ Open Series sur CS:GO tranquillement, quand tout √† coup on a vu l'abonn√© dont on ne doit pas prononcer le nom arriver √† se qualifier... http://twitter.com/WankilStudio http://www.facebook.com/wankilstudio http://www.wankil.fr  Poss√®de le tee-shirt le plus classe du monde sur: http://wankil.fr/boutique Notre BD: http://amzn.eu/d/1OQTmSv Cr√©er ton propre wankuls sur Android: https://goo.gl/ggf8wa ou iOS: https://goo.gl/FDC4oB  √âpisode r√©alis√© par Skama Musiques utilis√©es : https://pastebin.com/raw/fhapqRyq"
"LE GRAND KARAOK√â (CS:GO)",https://www.youtube.com/watch?v=sAZVZJ23RO4,"Et en prime la meilleure imitation de Denis Brogniart. http://twitter.com/WankilStudio http://www.facebook.com/wankilstudio http://www.wankil.fr  Poss√®de le tee-shirt le plus classe du monde sur : http://wankil.fr/boutique  Musiques utilis√©es : http://pastebin.com/raw/WNqL5ayt"
"QUAND TA PROPRE ODEUR TE D√âRANGE (CS:GO)",https://www.youtube.com/watch?v=XqqG2HLChCI,"C'est le grand retour sur CS:GO avec des maps en 2v2 histoire de montrer c'est qui les plus forts http://twitter.com/WankilStudio http://www.facebook.com/wankilstudio http://www.wankil.fr  Poss√®de le tee-shirt le plus classe du monde sur : http://wankil.fr/boutique  Musiques utilis√©es : https://pastebin.com/raw/fwcLqUvN"
"LA MOUILLETTE (CS:GO)",https://www.youtube.com/watch?v=QmFiEzN5lCA,"Avec en invit√© sp√©cial Julien de capital.com http://twitter.com/WankilStudio http://www.facebook.com/wankilstudio http://www.wankil.fr  Poss√®de le tee-shirt le plus classe du monde sur : http://wankil.fr/boutique  Musiques utilis√©es : http://pastebin.com/raw/v9PcUyNb"
"√Ä BOU√àRE, J&#39;AI CHAUD ! (CS:GO)",https://www.youtube.com/watch?v=i8AhlrALkQo,"Un √©pisode tourn√© cet √©t√© pour r√©chauffer vos petits coeurs pendant l'hiver. http://twitter.com/WankilStudio http://www.facebook.com/wankilstudio http://www.wankil.fr  Poss√®de le tee-shirt le plus classe du monde sur : http://wankil.fr/boutique"
"ON CLASH NOS ABONN√âS TRIGGERED (CS:GO)",https://www.youtube.com/watch?v=tvtr4Oz9hnM,"Notre grand retour sur CS:GO avec beaucoup de rage, de chansons et de clash nuls http://twitter.com/WankilStudio http://www.facebook.com/wankilstudio http://www.wankil.fr  Poss√®de le tee-shirt le plus classe du monde sur : http://wankil.fr/boutique  Musiques utilis√©es : https://pastebin.com/raw/KraUt4Wh"
"VOD - Laink et Terracid // CS:GO",https://www.youtube.com/watch?v=hZFhYPCVa7w,"Cha√Æne Youtube principale: https://www.youtube.com/c/wankilfr Twitch: http://twitch.tv/wankilstudio Shop: http://wankil.fr/boutique Twitter: http://twitter.com/WankilStudio Facebook: http://www.facebook.com/wankilstudio Notre jeu de loup-garou Agrou: https://store.steampowered.com/app/1305420/Agrou/ Site web: http://www.wankil.fr"
"CE JEU VA NOUS FAIRE BAN (CSS)",https://www.youtube.com/watch?v=Kg06qQRmuCM,"On essaye de se faire recruter sur Counter Strike Source puis direction la map qui nous fait ban T√©l√©charge gratuitement Genshin Impact ‚ñ∂Ô∏è  https://mhy.link/cbeHGIA6 (disponible PS5/PS4/PC/IOS/Android) Nos v√™tements pour un maximum de flow ‚ñ∂Ô∏è http://wankil.fr/boutique Notre jeu de loup-garou Agrou  https://store.steampowered.com/app/1305420/  Twitch live: http://twitch.tv/wankilstudio Twitter: http://twitter.com/WankilStudio Facebook: http://www.facebook.com/wankilstudio Le site: http://www.wankil.fr  Montage du spot par Jord Montage par Tensa Musiques utilis√©es: https://pastebin.com/raw/Mhg0D5TG"
"O√ô EST CHARLIE QUE JE LUI METTE UNE BALLE ? (CS:GO Coop)",https://www.youtube.com/watch?v=AL9VxyAQvnY,"Tout le monde a d√©j√† jouer √† ""O√π est Charlie ?"" mais est-ce que vous l'avez d√©j√† fait sur CS:GO avec un bon gros coup d'awp dans sa tronche ? http://twitter.com/WankilStudio http://www.facebook.com/wankilstudio http://www.wankil.fr  Poss√®de le tee-shirt le plus classe du monde sur: http://wankil.fr/boutique Notre BD: http://amzn.eu/d/1OQTmSv Cr√©er ton propre wankuls sur Android: https://goo.gl/ggf8wa ou iOS: https://goo.gl/FDC4oB  Musiques utilis√©es : https://pastebin.com/xma2UsHJ"
"LA GRANDE RAGE (CS:GO)",https://www.youtube.com/watch?v=bCYH3Er1kTY,"On a trop bien jou√© dans le plus grand des calmes c'est tout √† fait impressionnant. http://twitter.com/WankilStudio http://www.facebook.com/wankilstudio http://www.wankil.fr  Poss√®de le tee-shirt le plus classe du monde sur : http://wankil.fr/boutique  Musiques utilis√©es : http://pastebin.com/raw/hrTj4BsY"
"QUAND TON CO√âQUIPIER EST UN ENFANT (CS:GO)",https://www.youtube.com/watch?v=nsJJCyW3f6k,"Nous a son √¢ge on √©tait pas aussi dou√©s sur les jeux-vid√©o ! http://twitter.com/WankilStudio http://www.facebook.com/wankilstudio http://www.wankil.fr  Poss√®de le tee-shirt le plus classe du monde sur : http://wankil.fr/boutique"
"JE SUIS VOTRE CHOSE REINE FATIMA (CS:GO)",https://www.youtube.com/watch?v=0PRG2FPLC_A,"Je peux passer l'aspirateur avec ma bouche Reine Fatima http://twitter.com/WankilStudio http://www.facebook.com/wankilstudio http://www.wankil.fr  Poss√®de le tee-shirt le plus classe du monde sur : http://wankil.fr/boutique  Musiques utilis√©es : https://pastebin.com/K7B7XLLx"
"VOD - Laink et Terracid // CS:GO",https://www.youtube.com/watch?v=tbmpeF0Pvxc,"Cha√Æne principale : https://www.youtube.com/c/wankilfr http://twitch.tv/wankilstudio http://twitter.com/WankilStudio http://www.facebook.com/wankilstudio http://www.wankil.fr"
"NE FAITES JAMAIS CONFIANCE AUX INCONNUS (CS:GO Coop)",https://www.youtube.com/watch?v=Zm3vVVbsckM,"Si vous voyez quelqu'un qui est gravement bless√© et qui vous dit de passer √† gauche et surtout pas √† droite, vous lui faite confiance ou pas ? http://twitter.com/WankilStudio http://www.facebook.com/wankilstudio http://www.wankil.fr  Poss√®de le tee-shirt le plus classe du monde sur : http://wankil.fr/boutique  Musiques utilis√©es : https://pastebin.com/7SfYXB3g"
"ON PARIE NOS PARTIES DU CORPS (CS:GO)",https://www.youtube.com/watch?v=Er3---ANQEw,"On a invent√© le ""Strip CS"" et √ßa va faire fureur, c'est s√ªr et certain. http://twitter.com/WankilStudio http://www.facebook.com/wankilstudio http://www.wankil.fr  Poss√®de le tee-shirt le plus classe du monde sur : http://wankil.fr/boutique  Musiques utilis√©es : http://pastebin.com/raw/ksVV2Vsr"
"VOD - Laink et Terracid // CS:GO",https://www.youtube.com/watch?v=gVG-RztHjvY,"Cha√Æne Youtube principale: https://www.youtube.com/c/wankilfr Twitch: http://twitch.tv/wankilstudio Shop: http://wankil.fr/boutique Twitter: http://twitter.com/WankilStudio Facebook: http://www.facebook.com/wankilstudio Notre jeu de loup-garou Agrou: https://store.steampowered.com/app/1305420/Agrou/ Site web: http://www.wankil.fr"
"ON A PRIS LE MELON (CS:GO)",https://www.youtube.com/watch?v=GMGFHQ7Wo-E,"Mais c'est pas grave, c'est bon le melon http://twitter.com/WankilStudio http://www.facebook.com/wankilstudio http://www.wankil.fr  Poss√®de le tee-shirt le plus classe du monde sur : http://wankil.fr/boutique  Musiques utilis√©es : http://pastebin.com/raw/j5REYz19"
"J&#39;AI INVENT√â UN NOUVEAU SPORT (CSS)",https://www.youtube.com/watch?v=-EP8YgzUWp8,"Il y a 13 ans j'ai cr√©e le ""Trikz"" qui est un concept de map exploitant les glitchs en coop√©ration de Counter Strike Source, c'est le moment de voir si on est toujours chauds ou si on est des papys http://twitter.com/WankilStudio http://www.facebook.com/wankilstudio http://www.wankil.fr  Poss√®de le tee-shirt le plus classe du monde sur: http://wankil.fr/boutique Notre BD: http://amzn.eu/d/1OQTmSv Cr√©er ton propre wankuls sur Android: https://goo.gl/ggf8wa ou iOS: https://goo.gl/FDC4oB  Montage par Tensa https://bit.ly/2CQPeFO Musique utilis√©es: https://pastebin.com/sfX04YSb"
"J&#39;SUIS SH√âRIF, J&#39;AI UN PISTOLET ! (CS:GO)",https://www.youtube.com/watch?v=Tvdxmb7A7uc,"On active le voile-hack et on vous sert un lourd gameplay. http://twitter.com/WankilStudio http://www.facebook.com/wankilstudio http://www.wankil.fr  Poss√®de le tee-shirt le plus classe du monde sur : http://wankil.spreadshirt.fr  Musiques utilis√©es : http://pastebin.com/raw/UCnYYEkJ"
"VOD - Terracid // Case Opening CS:GO + match (ft. Hugo, Theorus, Flygoow, L√©o-Paul)",https://www.youtube.com/watch?v=l2K0H4vaiUQ,"En live sur https://www.twitch.tv/terracid  Cha√Æne Youtube principale: https://www.youtube.com/c/wankilfr Twitch: http://twitch.tv/wankilstudio Shop: http://wankil.fr/boutique Twitter: http://twitter.com/WankilStudio Facebook: http://www.facebook.com/wankilstudio Notre jeu de loup-garou Agrou: https://store.steampowered.com/app/1305420/Agrou/ Site web: http://www.wankil.fr"
"LA CHANCE A ENFIN TOURN√â !!!",https://www.youtube.com/watch?v=xv0JZ70tXRE,"On tente des gros coups pour avoir des gros couteaux on n'est pas bien ! http://twitter.com/WankilStudio http://www.facebook.com/wankilstudio http://www.wankil.fr Poss√®de le tee-shirt le plus classe du monde sur : http://wankil.fr/boutique  Musiques utilis√©es : https://pastebin.com/raw/VaGfmdW7"
"LE TOURNOI A 1 MILLIARD D&#39;EUR...de wons (CS:GO Squid Game)",https://www.youtube.com/watch?v=Fp-Og7hWEtM,"Jusqu‚Äôo√π iriez-vous pour remporter cette somme astronomique Nos v√™tements pour un maximum de flow ‚ñ∂Ô∏è http://wankil.fr/boutique Notre jeu de loup-garou Agrou  https://store.steampowered.com/app/1305420/  Twitch live: http://twitch.tv/wankilstudio Twitter: http://twitter.com/WankilStudio Facebook: http://www.facebook.com/wankilstudio Le site: http://www.wankil.fr  Montage par Dafox Musiques utilis√©es: https://pastebin.com/gaEcCG4B"
"VOD - Laink et Terracid // CS:GO (le hacker ma√Ætre chanteur)",https://www.youtube.com/watch?v=B-7QLSGilXA,"Cha√Æne Youtube principale: https://www.youtube.com/c/wankilfr Twitch: http://twitch.tv/wankilstudio Shop: http://wankil.fr/boutique Twitter: http://twitter.com/WankilStudio Facebook: http://www.facebook.com/wankilstudio Notre jeu de loup-garou Agrou: https://store.steampowered.com/app/1305420/Agrou/ Site web: http://www.wankil.fr"
"EH OUI THIERRY, IT IS A BEAUTIFUL BATAILLE SIDE BANANE ! (CS:GO)",https://www.youtube.com/watch?v=j8dUct-7GpA,"Dans une autre vie, on a fait commentateurs sportifs. http://twitter.com/WankilStudio http://www.facebook.com/wankilstudio http://www.wankil.fr  Poss√®de le tee-shirt le plus classe du monde sur : http://wankil.spreadshirt.fr  Musiques utilis√©es : http://pastebin.com/raw/eR8EXXfP"
"QUELQU&#39;UN A MANG√â MON BISCUIT SUCR√â AU SUCRE (CS:GO Squid Game)",https://www.youtube.com/watch?v=RYOtQeBefxA,"Squid Game avec les abonn√©s pour savoir qui m√©rite de gagner les 1 milliard de wons (6‚Ç¨ environ) Nos v√™tements pour un maximum de flow ‚ñ∂Ô∏è http://wankil.fr/boutique Notre jeu de loup-garou Agrou  https://store.steampowered.com/app/1305420/  Twitch live: http://twitch.tv/wankilstudio Twitter: http://twitter.com/WankilStudio Facebook: http://www.facebook.com/wankilstudio Le site: http://www.wankil.fr  Montage par Dafox Musiques utilis√©es: https://pastebin.com/4NHx4EjW"
"LE P&#39;TIT RONDIN (CS:GO)",https://www.youtube.com/watch?v=ude-qvfVR2g,"Et en prime, les poissons d'avril horribles auxquels vous avez √©chapp√©. http://twitter.com/WankilStudio http://www.facebook.com/wankilstudio http://www.wankil.fr  Poss√®de le tee-shirt le plus classe du monde sur : http://wankil.fr/boutique  Musiques utilis√©es : http://pastebin.com/raw/5YgUPEtS"
"J&#39;AI GAGN√â LE SUPER COUTEAU !!! (Case Opening CS:GO)",https://www.youtube.com/watch?v=_YozBJnHItg,"On se lance dans le case opening et on est compl√®tement chatteux ! http://twitter.com/WankilStudio http://www.facebook.com/wankilstudio http://www.wankil.fr  Poss√®de le tee-shirt le plus classe du monde sur : http://wankil.fr/boutique  Musiques utilis√©es : https://pastebin.com/raw/ZNF3xRW2"
"VOD - Laink et Terracid // CS:GO",https://www.youtube.com/watch?v=jZwyNh-cbxs,"Cha√Æne Youtube principale: https://www.youtube.com/c/wankilfr Twitch: http://twitch.tv/wankilstudio Shop: http://wankil.fr/boutique Twitter: http://twitter.com/WankilStudio Facebook: http://www.facebook.com/wankilstudio Notre jeu de loup-garou Agrou: https://store.steampowered.com/app/1305420/Agrou/ Site web: http://www.wankil.fr"
"LES PIRES COWBOYS DU FAR WEST (CS:GO Coop)",https://www.youtube.com/watch?v=hvZXJ5v5kOM,"Depuis qu'on a d√©couvert les maps coop sur CS:GO on en fait plein, mais l√† on est tomb√© sur une simulation de cowboys digne d'un film de Far West  http://twitter.com/WankilStudio http://www.facebook.com/wankilstudio http://www.wankil.fr  Poss√®de le tee-shirt le plus classe du monde sur : http://wankil.fr/boutique  Musiques utilis√©es : https://pastebin.com/raw/tiwvEfu5"
"LE CONTR√îLE FISCAL TOURNE MAL (CS:GO Coop)",https://www.youtube.com/watch?v=4mNaVlQIpXI,"Bob du fisc n'est vraiment pas content, et il a d√©cid√© de r√©gler √ßa √† sa mani√®re http://twitter.com/WankilStudio http://www.facebook.com/wankilstudio http://www.wankil.fr  Poss√®de le tee-shirt le plus classe du monde sur : http://wankil.fr/boutique  Musiques utilis√©es : https://pastebin.com/raw/dJudhdPW"
"CACHE-CACHE G√âANT DANS MA MAISON (CSS)",https://www.youtube.com/watch?v=eqkhP4P_WnU,"J'ai refait ma maison sur CSS pour faire un cache-cache √† l'int√©rieur http://twitter.com/WankilStudio http://www.facebook.com/wankilstudio http://www.wankil.fr  Poss√®de le tee-shirt le plus classe du monde sur: http://wankil.fr/boutique  Montage par Tensa Musiques utilis√©es: https://pastebin.com/raw/w6KfFWnr"
"VOD - Laink et Terracid // CS:GO",https://www.youtube.com/watch?v=75ZUPt09s0A,"Cha√Æne Youtube principale: https://www.youtube.com/c/wankilfr Twitch: http://twitch.tv/wankilstudio Shop: http://wankil.fr/boutique Twitter: http://twitter.com/WankilStudio Facebook: http://www.facebook.com/wankilstudio Notre jeu de loup-garou Agrou: https://store.steampowered.com/app/1305420/Agrou/ Site web: http://www.wankil.fr"
"Crotte de bique üí© | CS:GO (ft.Potatoz, Flygoow, Laink &amp; Terracid)",https://www.youtube.com/watch?v=nz-Gf8v5aFE,"Hugo joint de Pota, Flygoow, Laink & Terracid vont faire deux games de CS:GO tout en ayant des conversations normales et des sujets d'actualit√©s bouleversants.  Twitch : https://www.twitch.tv/hugodelire Cha√Æne Principale : https://www.youtube.com/user/HugoDelire36 Twitter : https://twitter.com/HugoDelire36 Discord : https://discord.gg/JmqcMayFN5 Instagram : https://www.instagram.com/hugodelire36/"
